time,percentage returns
2016-06-27,-1.7192033398737427
2016-06-28,-0.8746355685131157
2016-06-29,3.529411764705892
2016-06-30,-0.5681818181818232
2016-07-01,0.0
2016-07-04,-1.1428628571428567
2016-07-05,0.5780404958404928
2016-07-06,1.1494252873563315
2016-07-08,-0.5681818181818232
2016-07-11,-0.5714285714285783
2016-07-12,-0.8620689655172376
2016-07-13,0.5797101449275477
2016-07-14,0.0
2016-07-15,-0.2881902017291216
2016-07-18,0.2890231380938246
2016-07-19,2.593654178674343
2016-07-20,2.2472023734383395
2016-07-21,-0.8241867679018244
2016-07-22,0.0
2016-07-25,1.1080388425506404
2016-07-26,3.8356219178082185
2016-07-27,-0.5277097346854998
2016-07-28,1.0610026525198935
2016-07-29,0.26247245472297287
2016-08-01,2.0942408376963373
2016-08-02,3.8461538461538547
2016-08-03,0.0
2016-08-04,-4.197530864197541
2016-08-05,1.030927835051565
2016-08-08,0.5102091836734601
2016-08-09,1.5228374861503857
2016-08-10,-0.24999500000000285
2016-08-11,0.2506215413222268
2016-08-12,0.0
2016-08-15,2.499999999999991
2016-08-16,3.658536585365857
2016-08-17,1.17647058823529
2016-08-18,-1.1627906976744207
2016-08-19,0.0
2016-08-22,-2.352941176470591
2016-08-23,3.6144578313253017
2016-08-24,-1.1627906976744207
2016-08-25,-6.823534117647057
2016-08-26,-0.25252021477374376
2016-08-29,1.2658227848101333
2016-08-30,0.0
2016-08-31,1.2499999999999956
2016-09-01,-1.2345679012345734
2016-09-02,-0.24999500000000285
2016-09-05,-6.766921966570328
2016-09-06,2.1505376344086002
2016-09-07,-1.05263684210527
2016-09-08,1.3297873047759312
2016-09-09,0.26247245472297287
2016-09-13,-1.0471204188481797
2016-09-14,0.0
2016-09-15,-0.2645502645502451
2016-09-16,0.5305092838196135
2016-09-19,0.5276939035517625
2016-09-20,0.7874121148247815
2016-09-21,-1.0416718207462594
2016-09-22,2.105263157894721
2016-09-23,0.7731907216494971
2016-09-26,0.25575960387518304
2016-09-27,0.5102091836734601
2016-09-28,1.5228374861503857
2016-09-29,-0.5000000000000115
2016-09-30,0.0
2016-10-03,3.015075376884435
2016-10-04,-2.4390243902439046
2016-10-05,0.0
2016-10-06,0.0
2016-10-07,1.2499999999999956
2016-10-10,0.0
2016-10-11,-1.2345679012345734
2016-10-12,-1.4999949999999984
2016-10-13,1.5228374861503857
2016-10-14,0.0
2016-10-17,-1.0000050000000038
2016-10-18,-0.25252021477374376
2016-10-19,0.0
2016-10-21,-0.25315949367088475
2016-10-24,1.5228374861503857
2016-10-25,0.0
2016-10-26,-0.24999500000000285
2016-10-27,0.2506215413222268
2016-10-28,-0.7499999999999951
2016-10-31,0.25188916876572875
2016-11-01,5.527638190954787
2016-11-02,-1.1904761904761862
2016-11-03,2.4096385542168752
2016-11-04,0.0
2016-11-07,-1.17647058823529
2016-11-08,-1.1904761904761862
2016-11-09,0.0
2016-11-10,1.2048192771084265
2016-11-11,0.0
2016-11-14,-3.57142857142857
2016-11-15,0.0
2016-11-16,3.703703703703698
2016-11-17,-2.3809523809523836
2016-11-18,-1.2195121951219523
2016-11-21,-1.2345679012345734
2016-11-22,1.2499999999999956
2016-11-23,0.0
2016-11-24,-1.728395061728405
2016-11-25,0.0
2016-11-28,-0.2512562814070196
2016-11-29,0.0
2016-11-30,0.503783375314848
2016-12-01,0.2506215413222268
2016-12-02,-0.5000000000000115
2016-12-05,0.0
2016-12-06,-0.7537688442211032
2016-12-07,-0.5063291139240533
2016-12-08,-3.307888040712459
2016-12-09,0.7894736842105177
2016-12-13,-0.7832898172323688
2016-12-14,-0.526315789473697
2016-12-15,-0.7936507936507908
2016-12-16,0.8000000000000007
2016-12-19,1.5873068783068822
2016-12-20,-1.0416718207462594
2016-12-21,0.0
2016-12-22,2.6315789473684292
2016-12-23,0.2564051282051283
2016-12-28,-1.5345218176226028
2016-12-29,-1.2987012987012991
2016-12-30,0.7894736842105177
2017-01-03,-0.7832898172323688
2017-01-04,-0.526315789473697
2017-01-05,-1.0581957671957576
2017-01-06,0.0
2017-01-09,-1.0695240069773293
2017-01-10,-1.621616216216215
2017-01-11,-1.0989065330271108
2017-01-12,0.0
2017-01-13,0.0
2017-01-16,-0.27777222222221676
2017-01-17,0.2785459454849093
2017-01-18,1.1111166666666783
2017-01-19,0.5494395302505728
2017-01-20,-0.5464371883298957
2017-01-23,0.2747197651252753
2017-01-24,-0.5479452054794609
2017-01-25,0.5509641873278293
2017-01-26,0.5479452054794498
2017-01-27,0.8174386920980936
2017-01-30,-0.5405405405405461
2017-01-31,0.8152119565217442
2017-02-01,0.26954718434217817
2017-02-02,2.1505376344086002
2017-02-03,-1.5789421052631591
2017-02-06,1.6042726414827513
2017-02-07,-2.631578947368418
2017-02-08,-2.162162162162151
2017-02-09,1.9337071823204433
2017-02-10,-0.2710081153925237
2017-02-13,0.0
2017-02-14,-1.0869510869565113
2017-02-15,0.0
2017-02-16,0.0
2017-02-17,-0.5494560137661475
2017-02-20,-0.5524861878453136
2017-02-21,0.0
2017-02-22,0.5555555555555536
2017-02-23,0.2762430939226457
2017-02-24,-0.8264462809917328
2017-02-27,-1.6666611111111118
2017-02-28,0.5649604200587355
2017-03-01,-4.494376656987454
2017-03-02,0.0
2017-03-03,-0.2941117647058844
2017-03-06,-1.1799468330414897
2017-03-07,-1.4925373134328401
2017-03-08,-3.3333333333333326
2017-03-09,4.3887147335423204
2017-03-10,2.1021021021021102
2017-03-13,4.4117647058823595
2017-03-14,2.8169014084507005
2017-03-15,-2.73972602739726
2017-03-16,-0.5633802816901512
2017-03-17,1.1331444759207
2017-03-20,0.28011204481790397
2017-03-21,1.6759832402234665
2017-03-22,0.5494395302505728
2017-03-23,1.0929016990656626
2017-03-24,1.0810864864864822
2017-03-27,0.534748634505422
2017-03-28,-2.65957460955184
2017-03-29,-1.3661202932306216
2017-03-30,-0.2770027854295143
2017-03-31,1.6666611111111118
2017-04-03,0.5464535817734095
2017-04-04,3.260869565217406
2017-04-05,-2.8947315789473627
2017-04-06,2.98102422867077
2017-04-07,3.421052631578947
2017-04-10,-1.781175572519078
2017-04-11,1.0362746650919519
2017-04-12,0.0
2017-04-13,0.7692307692307665
2017-04-18,-2.290071246819325
2017-04-19,0.0
2017-04-20,-0.7812603759760228
2017-04-21,0.5249396601018086
2017-04-24,-0.26109660574411553
2017-04-25,-1.5706858638743548
2017-04-26,0.797883021163992
2017-04-27,0.26384695177588124
2017-04-28,1.8421052631579116
2017-05-02,1.033586563307476
2017-05-03,0.25575960387518304
2017-05-04,0.5102091836734601
2017-05-05,0.7614162050042506
2017-05-08,3.2745591939546514
2017-05-09,-1.2195121951219523
2017-05-10,-1.975308641975304
2017-05-11,2.015113350125941
2017-05-12,1.2345679012345734
2017-05-15,0.0
2017-05-16,-1.2195121951219523
2017-05-17,-1.2345679012345734
2017-05-18,2.499999999999991
2017-05-19,0.0
2017-05-22,0.0
2017-05-23,1.2195121951219523
2017-05-24,1.2048192771084265
2017-05-25,3.571428571428581
2017-05-26,-1.1494252873563204
2017-05-29,-1.1627906976744207
2017-05-30,1.17647058823529
2017-05-31,4.651162790697683
2017-06-02,-2.2222222222222254
2017-06-05,0.0
2017-06-06,0.0
2017-06-07,0.0
2017-06-08,1.1363636363636465
2017-06-09,3.370786516853941
2017-06-12,0.0
2017-06-13,1.0869565217391353
2017-06-14,0.0
2017-06-15,0.0
2017-06-16,2.1505376344086002
2017-06-19,-3.157894736842104
2017-06-20,-2.1739130434782594
2017-06-21,2.2222222222222143
2017-06-22,0.0
2017-06-23,2.1739130434782705
2017-06-27,0.0
2017-06-28,-2.127659574468088
2017-06-29,0.0
2017-06-30,-2.1739130434782594
2017-07-03,2.2222222222222143
2017-07-04,0.0
2017-07-05,-2.1739130434782594
2017-07-06,1.1111111111111072
2017-07-07,2.19780219780219
2017-07-10,-1.0752688172043001
2017-07-11,1.0869565217391353
2017-07-12,-1.0752688172043001
2017-07-13,1.0869565217391353
2017-07-14,-1.0752688172043001
2017-07-17,0.0
2017-07-18,0.0
2017-07-19,1.0869565217391353
2017-07-20,-1.0752688172043001
2017-07-21,2.1739130434782705
2017-07-24,1.0638297872340496
2017-07-25,0.0
2017-07-26,0.0
2017-07-27,4.210526315789465
2017-07-28,0.0
2017-07-31,-3.0303030303030276
2017-08-01,0.0
2017-08-02,0.0
2017-08-03,0.0
2017-08-04,-1.041666666666663
2017-08-07,-1.0526315789473717
2017-08-09,1.0638297872340496
2017-08-10,3.157894736842115
2017-08-11,1.0204081632652962
2017-08-14,1.0101010101010166
2017-08-15,-1.0000000000000009
2017-08-16,1.0101010101010166
2017-08-17,-4.0000000000000036
2017-08-18,2.083333333333326
2017-08-21,1.0204081632652962
2017-08-22,0.0
2017-08-23,1.0101010101010166
2017-08-24,2.0000000000000018
2017-08-25,4.90196078431373
2017-08-28,0.9345794392523255
2017-08-29,-2.777777777777779
2017-08-30,-0.952380952380949
2017-08-31,-1.9230769230769273
2017-09-01,-2.941176470588236
2017-09-04,-3.0303030303030276
2017-09-05,4.166666666666674
2017-09-06,0.0
2017-09-07,2.0000000000000018
2017-09-08,0.9803921568627416
2017-09-11,1.9417475728155331
2017-09-12,-0.952380952380949
2017-09-13,-1.9230769230769273
2017-09-14,-0.9803921568627416
2017-09-15,-0.990099009900991
2017-09-18,-1.0000000000000009
2017-09-19,2.020202020202011
2017-09-20,0.990099009900991
2017-09-21,1.9607843137254832
2017-09-22,0.0
2017-09-25,-0.9615384615384581
2017-09-26,1.9417475728155331
2017-09-27,-1.904761904761909
2017-09-28,-0.9708737864077666
2017-09-29,-1.9607843137254943
2017-10-02,-1.0000000000000009
2017-10-03,1.0101010101010166
2017-10-04,0.0
2017-10-05,0.0
2017-10-06,0.0
2017-10-09,0.0
2017-10-10,0.0
2017-10-11,1.0000000000000009
2017-10-12,-1.980198019801982
2017-10-13,1.0101010101010166
2017-10-16,-2.0000000000000018
2017-10-17,1.0204081632652962
2017-10-18,-3.0303030303030276
2017-10-19,1.041666666666674
2017-10-23,2.0618556701030855
2017-10-24,1.0101010101010166
2017-10-27,2.0000000000000018
2017-10-30,-0.9803921568627416
2017-10-31,3.960396039603964
2017-11-01,-2.857142857142858
2017-11-02,-1.9607843137254943
2017-11-03,3.0000000000000027
2017-11-06,-1.9417475728155331
2017-11-07,-2.970297029702973
2017-11-08,2.0408163265306145
2017-11-09,0.0
2017-11-10,-1.0000000000000009
2017-11-13,-1.0101010101010055
2017-11-14,2.0408163265306145
2017-11-15,0.0
2017-11-16,2.0000000000000018
2017-11-17,0.9803921568627416
2017-11-20,0.0
2017-11-21,4.854368932038833
2017-11-22,4.629629629629628
2017-11-23,-4.424778761061942
2017-11-24,0.92592592592593
2017-11-27,2.752293577981657
2017-11-29,-1.7857142857142905
2017-11-30,0.0
2017-12-01,0.0
2017-12-04,0.0
2017-12-05,-1.8181818181818188
2017-12-06,1.85185185185186
2017-12-07,1.8181818181818077
2017-12-08,0.0
2017-12-11,0.8928571428571397
2017-12-13,-2.6548672566371723
2017-12-14,-1.8181818181818188
2017-12-15,-0.92592592592593
2017-12-18,-2.8037383177570097
2017-12-19,0.9615384615384581
2017-12-20,0.952380952380949
2017-12-21,1.8867924528301883
2017-12-22,-2.777777777777779
2017-12-27,-0.952380952380949
2017-12-28,0.9615384615384581
2017-12-29,2.857142857142847
2018-01-02,-0.92592592592593
2018-01-03,0.0
2018-01-04,1.869158878504673
2018-01-05,2.752293577981657
2018-01-08,0.0
2018-01-09,-0.8928571428571397
2018-01-10,0.0
2018-01-11,0.9009009009008917
2018-01-12,1.7857142857142794
2018-01-15,2.6315789473684292
2018-01-16,-2.564102564102566
2018-01-17,3.5087719298245723
2018-01-18,-0.8474576271186418
2018-01-19,1.7094017094017033
2018-01-22,-0.8403361344537785
2018-01-23,0.0
2018-01-24,0.0
2018-01-25,0.8474576271186418
2018-01-26,1.680672268907557
2018-01-29,-2.4793388429752095
2018-01-30,1.6949152542372836
2018-01-31,-1.6666666666666718
2018-02-01,0.8474576271186418
2018-02-02,0.8403361344537785
2018-02-05,-0.8333333333333304
2018-02-06,-2.5210084033613467
2018-02-07,-1.7241379310344862
2018-02-08,3.5087719298245723
2018-02-09,0.0
2018-02-12,-5.0847457627118615
2018-02-13,3.571428571428581
2018-02-14,-0.8620689655172376
2018-02-15,0.8695652173912993
2018-02-16,1.724137931034475
2018-02-19,0.0
2018-02-20,2.5423728813559254
2018-02-21,-2.4793388429752095
2018-02-22,0.0
2018-02-23,1.6949152542372836
2018-02-26,-1.6666666666666718
2018-02-27,0.0
2018-02-28,0.0
2018-03-01,0.0
2018-03-02,-0.8474576271186418
2018-03-05,0.8547008547008517
2018-03-06,0.0
2018-03-07,0.0
2018-03-08,0.0
2018-03-09,0.0
2018-03-12,0.0
2018-03-13,1.6949152542372836
2018-03-14,0.0
2018-03-15,-0.8333333333333304
2018-03-16,0.0
2018-03-19,3.3613445378151363
2018-03-20,0.8130081300812941
2018-03-21,0.0
2018-03-22,3.2258064516129004
2018-03-23,0.0
2018-03-26,-0.78125
2018-03-27,-1.5748031496062964
2018-03-28,-1.6000000000000014
2018-03-29,0.0
2018-04-03,3.2520325203251987
2018-04-04,2.3622047244094446
2018-04-05,0.7692307692307665
2018-04-06,-1.526717557251911
2018-04-09,-1.5503875968992276
2018-04-10,0.0
2018-04-11,0.7874015748031482
2018-04-12,-1.5625
2018-04-13,-0.7936507936507908
2018-04-16,-3.200000000000003
2018-04-17,-1.6528925619834656
2018-04-18,-0.8403361344537785
2018-04-19,-0.8474576271186418
2018-04-20,-1.7094017094017144
2018-04-23,-0.8695652173912993
2018-04-24,1.7543859649122862
2018-04-25,-0.8620689655172376
2018-04-26,-1.7391304347826098
2018-04-27,0.8849557522123908
2018-04-30,0.0
2018-05-02,-3.508771929824561
2018-05-03,0.9090909090909038
2018-05-04,2.7027027027026973
2018-05-07,-0.8771929824561431
2018-05-08,0.8849557522123908
2018-05-09,0.0
2018-05-10,-1.7543859649122862
2018-05-11,-0.8928571428571397
2018-05-14,-1.8018018018018056
2018-05-15,1.83486238532109
2018-05-16,4.504504504504503
2018-05-17,0.0
2018-05-18,0.8620689655172376
2018-05-21,-0.8547008547008517
2018-05-22,2.586206896551735
2018-05-23,-1.6806722689075682
2018-05-24,-0.8547008547008517
2018-05-25,0.0
2018-05-28,0.0
2018-05-29,-1.7241379310344862
2018-05-30,0.0
2018-05-31,0.0
2018-06-04,0.8771929824561431
2018-06-05,1.7391304347825987
2018-06-06,-0.8547008547008517
2018-06-07,1.724137931034475
2018-06-08,0.8474576271186418
2018-06-11,1.680672268907557
2018-06-12,-0.8264462809917328
2018-06-13,0.8333333333333304
2018-06-14,-0.8264462809917328
2018-06-18,-0.8333333333333304
2018-06-19,-4.201680672268903
2018-06-20,-4.385964912280704
2018-06-21,0.917431192660545
2018-06-22,4.545454545454541
2018-06-25,0.0
2018-06-26,0.8695652173912993
2018-06-27,2.586206896551735
2018-06-28,0.0
2018-06-29,-1.6806722689075682
2018-07-02,-1.7094017094017144
2018-07-03,-2.608695652173909
2018-07-04,4.464285714285721
2018-07-05,-0.8547008547008517
2018-07-06,0.8620689655172376
2018-07-09,0.0
2018-07-10,-0.8547008547008517
2018-07-11,0.0
2018-07-12,-0.8620689655172376
2018-07-13,-1.7391304347826098
2018-07-16,0.0
2018-07-17,1.7699115044247815
2018-07-18,3.4782608695652195
2018-07-19,-2.5210084033613467
2018-07-20,-2.5862068965517238
2018-07-23,2.6548672566371723
2018-07-24,-0.8620689655172376
2018-07-25,0.8695652173912993
2018-07-26,-1.7241379310344862
2018-07-27,1.7543859649122862
2018-07-30,-2.5862068965517238
2018-07-31,-0.8849557522123908
2018-08-01,0.0
2018-08-02,0.8928571428571397
2018-08-03,0.0
2018-08-06,0.0
2018-08-07,0.0
2018-08-08,4.424778761061954
2018-08-09,-2.5423728813559365
2018-08-10,0.0
2018-08-13,0.0
2018-08-14,0.0
2018-08-15,0.0
2018-08-16,0.0
2018-08-17,1.7391304347825987
2018-08-20,-0.8547008547008517
2018-08-22,0.8620689655172376
2018-08-23,0.0
2018-08-24,0.0
2018-08-27,0.0
2018-08-28,2.564102564102555
2018-08-29,0.0
2018-08-30,-1.6666666666666718
2018-08-31,-1.6949152542372836
2018-09-03,-4.31034482758621
2018-09-04,2.7027027027026973
2018-09-05,-3.508771929824561
2018-09-06,0.0
2018-09-07,-0.9090909090909038
2018-09-10,1.83486238532109
2018-09-11,-2.7027027027026973
2018-09-12,0.0
2018-09-13,-1.851851851851849
2018-09-14,0.0
2018-09-17,0.0
2018-09-18,2.8301886792452935
2018-09-19,-5.5045871559633035
2018-09-20,-2.9126213592232997
2018-09-21,-3.0000000000000027
2018-09-24,3.092783505154628
2018-09-25,0.0
2018-09-26,-1.0000000000000009
2018-09-27,1.0101010101010166
2018-09-28,-2.0000000000000018
2018-10-01,-1.0204081632653073
2018-10-02,0.0
2018-10-03,0.0
2018-10-04,2.0618556701030855
2018-10-05,0.0
2018-10-08,0.0
2018-10-09,-2.020202020202022
2018-10-11,-2.0618556701030966
2018-10-12,-3.157894736842104
2018-10-15,0.0
2018-10-16,3.2608695652173836
2018-10-17,0.0
2018-10-18,-3.157894736842104
2018-10-19,3.2608695652173836
2018-10-22,1.0526315789473717
2018-10-23,-2.083333333333337
2018-10-24,0.0
2018-10-25,0.0
2018-10-26,0.0
2018-10-29,1.0638297872340496
2018-10-30,-1.0526315789473717
2018-10-31,0.0
2018-11-01,-1.0638297872340385
2018-11-02,3.2258064516129004
2018-11-05,-3.125
2018-11-06,-3.2258064516129004
2018-11-07,4.444444444444451
2018-11-08,1.0638297872340496
2018-11-09,3.157894736842115
2018-11-12,0.0
2018-11-13,-1.0204081632653073
2018-11-14,-2.0618556701030966
2018-11-15,0.0
2018-11-16,0.0
2018-11-19,1.0526315789473717
2018-11-20,-2.083333333333337
2018-11-21,1.0638297872340496
2018-11-22,1.0526315789473717
2018-11-23,-1.041666666666663
2018-11-26,0.21052210526315562
2018-11-27,0.0
2018-11-28,0.0
2018-11-29,-0.4201596815193165
2018-11-30,0.42193247164841186
2018-12-03,-0.21007984075965824
2018-12-04,-0.6315789473684164
2018-12-05,0.0
2018-12-06,-1.2711906779661053
2018-12-07,-1.7167339792589775
2018-12-10,-1.3100436681222627
2018-12-11,-2.6548672566371723
2018-12-13,2.499995454545445
2018-12-14,1.773844868019725
2018-12-17,0.21786055695596218
2018-12-18,0.0
2018-12-19,-0.43478260869566077
2018-12-20,-2.4017467248908186
2018-12-21,4.026845637583887
2018-12-24,-1.505376344086029
2018-12-27,-1.3100436681222627
2018-12-28,1.106194690265494
2018-12-31,-2.6258205689277947
2019-01-02,0.6741573033707704
2019-01-03,-2.678575892857138
2019-01-04,-2.0642156910190557
2019-01-07,0.7025761124121788
2019-01-08,3.2558186046511617
2019-01-09,2.4774728613750963
2019-01-10,0.21977582417582742
2019-01-11,3.070179959218411
2019-01-14,0.21276170212765066
2019-01-15,1.0615711703427344
2019-01-16,-0.21007984075965824
2019-01-17,-0.6315789473684164
2019-01-18,-0.423728813559332
2019-01-21,-0.42553191489361764
2019-01-22,-0.6410256410256387
2019-01-23,-0.8602193548387094
2019-01-24,0.6507679241114062
2019-01-25,1.2930990821939936
2019-01-28,-0.42553191489361764
2019-01-29,0.0
2019-01-30,1.4957264957265126
2019-01-31,3.157894736842115
2019-02-01,4.285710204081639
2019-02-04,1.7612564290119925
2019-02-05,3.076919230769226
2019-02-06,0.7462724159056799
2019-02-07,0.0
2019-02-08,-0.5555555555555536
2019-02-11,0.37244320297951106
2019-02-12,-0.18553246064815232
2019-02-13,-3.159855018587354
2019-02-14,-0.19193474825085488
2019-02-15,0.19230384615385177
2019-02-18,0.19194242579434473
2019-02-19,1.5325670498084198
2019-02-20,-1.5094339622641506
2019-02-21,-0.19157471264368287
2019-02-22,0.5758234386112671
2019-02-25,1.1450343074414393
2019-02-26,0.37735849056603765
2019-02-27,-1.1278233082706812
2019-02-28,-1.1406806517369028
2019-03-01,1.9230769230769162
2019-03-04,0.0
2019-03-05,0.1886754716981187
2019-03-06,0.7532994634011025
2019-03-07,0.5607476635513864
2019-03-08,0.3717472118959231
2019-03-11,0.0
2019-03-12,-0.5555555555555536
2019-03-13,0.5586592178770999
2019-03-14,0.0
2019-03-15,3.703703703703698
2019-03-18,1.9642821428571322
2019-03-19,-1.5761786891831386
2019-03-20,2.135234875444847
2019-03-21,-0.6968675715377182
2019-03-22,-1.7543859649122862
2019-03-25,-0.17856785714285284
2019-03-26,-1.6100214093015652
2019-03-27,0.0
2019-03-28,-1.8181818181818188
2019-03-29,2.2222222222222365
2019-04-01,1.8115942028985588
2019-04-02,-0.3558718861210064
2019-04-03,0.3571428571428559
2019-04-04,-0.17793950177936724
2019-04-05,-1.426021441212888
2019-04-08,0.9041591320072317
2019-04-09,0.0
2019-04-10,-0.5376344086021501
2019-04-11,0.0
2019-04-12,-2.3423423423423406
2019-04-15,0.7380036900368925
2019-04-16,1.0989048021576853
2019-04-17,0.18115942028984477
2019-04-18,1.2658227848101333
2019-04-23,-0.17856785714285284
2019-04-24,0.178887292347496
2019-04-25,-0.17856785714285284
2019-04-26,0.178887292347496
2019-04-29,0.5357142857142838
2019-04-30,1.598579040852588
2019-05-02,4.1958006993007
2019-05-03,-2.6845604927704825
2019-05-06,-1.5517275862068969
2019-05-07,-1.2259124772648788
2019-05-08,-0.7092233791055502
2019-05-09,-0.7142892857142868
2019-05-10,-0.3597050489102527
2019-05-13,-2.527079331152371
2019-05-14,-1.4814814814814725
2019-05-15,-0.3759398496240629
2019-05-16,-1.1320716981132017
2019-05-17,-0.38168319153880637
2019-05-20,1.5325670498084198
2019-05-21,-1.5094339622641506
2019-05-22,0.19157088122603305
2019-05-23,0.19120841300190872
2019-05-24,1.526713682186509
2019-05-27,1.3157932330827071
2019-05-28,3.896100040961037
2019-05-29,-0.7142892857142868
2019-05-30,-1.4388453754980435
2019-05-31,0.36496350364965124
2019-06-03,0.7272763636363644
2019-06-04,0.0
2019-06-06,-0.18050901875419356
2019-06-07,-1.9891500904159032
2019-06-10,1.1070110701106861
2019-06-11,0.7299270072992803
2019-06-12,-0.18116304347827183
2019-06-13,-0.5444609997989569
2019-06-14,-0.36496715328466767
2019-06-17,-0.1831465268551824
2019-06-18,-0.5504587155963248
2019-06-19,-0.3690036900369065
2019-06-20,1.85185185185186
2019-06-21,-0.7272763636363644
2019-06-24,0.0
2019-06-25,0.7326044224397199
2019-06-26,0.18181454545453946
2019-06-27,0.5444718890915468
2019-06-28,1.083028841767919
2019-07-01,1.6071464285714265
2019-07-02,-0.8787345912571354
2019-07-03,0.35460282430486156
2019-07-04,-2.826851689994758
2019-07-05,0.9090909090909038
2019-07-08,-1.9819783783783795
2019-07-09,0.18381984618309755
2019-07-10,1.100913761467881
2019-07-11,0.9074410492719176
2019-07-12,-1.0791331323429132
2019-07-15,-0.18181454545453946
2019-07-16,1.4571912037453227
2019-07-17,-1.2567324955116699
2019-07-18,1.0909054545454433
2019-07-19,0.7194280834326605
2019-07-22,-1.2500000000000067
2019-07-23,1.2658227848101333
2019-07-24,-1.0714250000000036
2019-07-25,0.0
2019-07-26,-0.5415234461543905
2019-07-29,0.18149183961857496
2019-07-30,-0.5434746376811628
2019-07-31,0.3642914257088625
2019-08-01,1.6333975184536387
2019-08-02,-1.2500000000000067
2019-08-05,-0.1808318264014397
2019-08-06,-0.5434746376811628
2019-08-07,-1.4572021327066587
2019-08-08,1.6635897102990738
2019-08-09,1.8181818181818077
2019-08-13,0.0
2019-08-14,0.5357142857142838
2019-08-15,2.131438721136769
2019-08-16,2.60869565217392
2019-08-19,-1.6949152542372836
2019-08-20,1.0344793103448158
2019-08-21,-1.0238874069586124
2019-08-22,-0.17241034482758932
2019-08-23,-0.5181416055909605
2019-08-26,-1.7361111713927513
2019-08-27,-0.5300318208491861
2019-08-28,-0.5328596802841923
2019-08-29,1.0714249999999925
2019-08-30,-0.8833922573636799
2019-09-02,-0.17824956072191034
2019-09-03,-5.535710714285713
2019-09-04,1.3232438063045748
2019-09-05,0.18657090248399566
2019-09-06,0.0
2019-09-09,0.18621973929235924
2019-09-10,0.3717472118959231
2019-09-11,0.37037037037037646
2019-09-12,0.18450184501843658
2019-09-13,0.18416574585635725
2019-09-16,0.0
2019-09-17,0.18381984618309755
2019-09-18,0.18348256880733604
2019-09-19,0.18315385286278296
2019-09-20,0.5484460694698212
2019-09-23,-0.363636363636366
2019-09-24,0.36496350364965124
2019-09-25,0.0
2019-09-26,-1.6363672727272793
2019-09-27,0.5545360648627096
2019-09-30,1.1029374594508257
2019-10-01,0.18181454545453946
2019-10-02,0.9074410492719176
2019-10-03,0.899280607887798
2019-10-04,1.604281697122345
2019-10-07,0.17543508771928895
2019-10-08,-1.2259124772648788
2019-10-09,0.8865247912579921
2019-10-11,-0.175750433189803
2019-10-14,-1.7605633802816878
2019-10-15,0.17921505376343738
2019-10-16,-0.35778531814720793
2019-10-17,2.333931777378817
2019-10-18,-1.7543859649122862
2019-10-22,0.8928571428571397
2019-10-23,0.8849557522123908
2019-10-24,0.5263157894736858
2019-10-25,0.5235567190226886
2019-10-28,0.17361458936162588
2019-10-29,0.34662391681108407
2019-10-30,2.072531880050721
2019-10-31,0.6768223579296961
2019-11-01,3.3613445378151363
2019-11-04,-0.8130081300813052
2019-11-05,0.0
2019-11-06,2.4590163934426146
2019-11-07,-1.4400032000000063
2019-11-08,-3.2467533521673198
2019-11-11,-1.6778524052970645
2019-11-12,-2.0477748139172247
2019-11-13,4.529613082591877
2019-11-14,-1.8333299999999997
2019-11-15,-2.886251175339516
2019-11-18,-0.6993006993007089
2019-11-19,2.1126760563380254
2019-11-20,-1.3793103448275779
2019-11-21,-0.34965034965035446
2019-11-22,1.7543859649122862
2019-11-25,-1.7241379310344862
2019-11-27,0.8771929824561431
2019-11-28,0.8695652173912993
2019-11-29,3.275865517241372
2019-12-02,-1.6694490260617978
2019-12-03,0.16977588557636203
2019-12-04,-0.3389830508474634
2019-12-05,2.0408163265306145
2019-12-06,0.33333333333334103
2019-12-09,0.332229235880388
2019-12-10,-0.6622549449584514
2019-12-11,1.6666666666666607
2019-12-13,-0.6557409836065564
2019-12-16,-0.9900957422473877
2019-12-17,0.0
2019-12-18,0.33333333333334103
2019-12-19,3.322259136212624
2019-12-20,0.9646302250803762
2019-12-23,1.2738821656050892
2019-12-24,-0.6289276927335719
2019-12-27,-1.1075949367088667
2019-12-30,0.8000000000000007
2019-12-31,0.31746031746031633
2020-01-02,-0.31645569620253333
2020-01-03,0.4761904761904745
2020-01-06,-0.3159589257503925
2020-01-07,0.0
2020-01-08,3.011096767388177
2020-01-09,2.3076923076922995
2020-01-10,-0.7518796992481258
2020-01-13,-1.0606000000000004
2020-01-14,0.45940885394126774
2020-01-15,-2.4390214158238277
2020-01-16,-1.5625
2020-01-17,-1.4285746031746038
2020-01-20,4.0257650249843735
2020-01-21,-3.0959753280487723
2020-01-22,0.4792396319245995
2020-01-23,1.7488043959044797
2020-01-24,-2.187503125000001
2020-01-27,-4.153351570394614
2020-01-28,-0.33333333333334103
2020-01-29,1.17056856187292
2020-01-30,1.487606611570258
2020-01-31,-0.16286970153519542
2020-02-03,-0.16313213703098572
2020-02-04,2.941176470588225
2020-02-05,1.7460285714285595
2020-02-06,3.276128027336278
2020-02-07,-0.7552870547001267
2020-02-10,-1.0654429872415827
2020-02-12,-2.3076923076923106
2020-02-13,-1.8897637795275646
2020-02-14,-0.6420513643659698
2020-02-17,0.0
2020-02-18,-2.9079223616180205
2020-02-19,-0.499164742068714
2020-02-20,0.1672274247491723
2020-02-21,0.16694156370813396
2020-02-24,-2.66666333333333
2020-02-25,0.8561643542409403
2020-02-26,-4.7538266637070725
2020-02-27,0.0
2020-02-28,-0.17824956072191034
2020-03-02,3.214285714285703
2020-03-03,0.0
2020-03-04,0.6920415224913601
2020-03-05,1.7182130584192379
2020-03-06,-0.6756756756756799
2020-03-09,-6.4625850340136015
2020-03-10,1.0909054545454433
2020-03-11,0.7194280834326605
2020-03-12,-6.964289285714287
2020-03-13,-2.1113206184767974
2020-03-16,-3.529411764705881
2020-03-17,2.0325203252032464
2020-03-18,1.5936254980079667
2020-03-19,1.1764666666666646
2020-03-20,-1.1627868667746788
2020-03-23,-2.156858823529406
2020-03-24,-0.8016071823003124
2020-03-25,-1.0101010101010055
2020-03-26,2.0408163265306145
2020-03-27,4.0000000000000036
2020-03-30,0.0
2020-03-31,3.076919230769226
2020-04-01,0.5597089761085527
2020-04-02,6.679031292058202
2020-04-03,-1.0434747826086999
2020-04-06,-5.27240754754279
2020-04-07,-0.7421187108675786
2020-04-08,-2.8037383177570097
2020-04-09,2.692311538461545
2020-04-14,1.1235917182175426
2020-04-15,1.85185185185186
2020-04-16,-1.8181818181818188
2020-04-17,5.555555555555558
2020-04-20,0.0
2020-04-21,-1.7543859649122862
2020-04-22,5.35714285714286
2020-04-23,-4.406776271186441
2020-04-24,-2.4822729616215233
2020-04-27,0.363636363636366
2020-04-28,1.4492753623188248
2020-04-29,3.392860714285706
2020-04-30,-0.17271501994076122
2020-05-04,2.422145328719738
2020-05-05,1.858108108108092
2020-05-06,0.9950281923714721
2020-05-07,-4.76190788959252
2020-05-08,-3.4482758620689613
2020-05-11,0.8928571428571397
2020-05-12,-0.8849557522123908
2020-05-13,-0.7142892857142868
2020-05-14,-2.877694348118498
2020-05-15,3.703703703703698
2020-05-18,3.571428571428581
2020-05-19,0.0
2020-05-20,0.0
2020-05-21,0.0
2020-05-22,1.0344793103448158
2020-05-26,-1.0238874069586124
2020-05-27,-1.7241379310344862
2020-05-28,-0.8771929824561431
2020-05-29,4.424778761061954
2020-06-02,-2.3728847457627156
2020-06-03,3.993062638648004
2020-06-04,-0.6677829493227705
2020-06-05,0.0
2020-06-08,0.8403361344537785
2020-06-09,-1.1666666666666714
2020-06-10,1.180438448566612
2020-06-11,2.499999999999991
2020-06-12,-1.1382113821138296
2020-06-15,0.657894736842124
2020-06-16,1.3071895424836555
2020-06-17,0.0
2020-06-18,-0.1612870967741875
2020-06-19,-0.4846591119657795
2020-06-22,-4.220776111064161
2020-06-23,-0.3389830508474634
2020-06-24,-3.0612244897959107
2020-06-25,-0.701757894736843
2020-06-26,1.7667845147273598
2020-06-29,0.0
2020-06-30,0.0
2020-07-01,0.0
2020-07-02,0.6944479407794413
2020-07-03,2.2413793103448265
2020-07-06,-2.1922428330522714
2020-07-07,-2.0689655172413834
2020-07-08,-1.4084507042253502
2020-07-09,-1.7857142857142905
2020-07-10,0.0
2020-07-13,0.0
2020-07-14,-1.8181818181818188
2020-07-15,-0.7407444444444411
2020-07-16,2.4253806875142114
2020-07-17,-1.639347845561101
2020-07-20,-0.18518148148147784
2020-07-21,-1.8552875007314507
2020-07-22,1.7013194063773218
2020-07-23,2.9739814126394037
2020-07-24,1.805054086460145
2020-07-27,2.1276524068208236
2020-07-28,-2.77777440200605
2020-07-29,0.7142892857142868
2020-07-30,1.2411276155628537
2020-08-03,-6.129597412595356
2020-08-04,-2.6119366646244924
2020-08-05,0.5747126436781658
2020-08-06,5.904758095238094
2020-08-07,-1.0791331323429132
2020-08-10,0.0
2020-08-11,1.8181818181818077
2020-08-12,0.0
2020-08-13,-1.0714250000000036
2020-08-14,1.805054086460145
2020-08-17,-0.7092233791055502
2020-08-18,0.0
2020-08-19,0.0
2020-08-20,0.17856785714285284
2020-08-21,1.2477754455534784
2020-08-24,-0.7042218309859072
2020-08-25,1.950350994668404
2020-08-26,0.8695652173912993
2020-08-27,2.0689655172413834
2020-08-28,-0.16892229729730257
2020-08-31,-0.1692013593638353
2020-09-01,1.3559322033898313
2020-09-02,-0.6688929765886198
2020-09-03,1.3467979344512493
2020-09-04,-1.9933554817275767
2020-09-07,-1.5254271186440738
2020-09-08,0.5163580212171448
2020-09-09,1.0273938004317085
2020-09-10,1.6949152542372836
2020-09-11,0.33333333333334103
2020-09-14,-0.6644518272425293
2020-09-15,0.8361204013378032
2020-09-16,-0.497512437810943
2020-09-17,-1.6666666666666718
2020-09-18,1.5254271186440738
2020-09-21,-1.502507462353675
2020-09-22,3.050847457627115
2020-09-23,-3.4539473684210398
2020-09-24,2.2146507666098714
2020-09-25,0.16666333333332783
2020-09-28,-0.3327720576629667
2020-09-29,-0.6677829493227705
2020-09-30,0.16806386554621966
2020-10-01,0.0
2020-10-02,0.0
2020-10-05,0.6711443178236465
2020-10-06,0.33333333333334103
2020-10-07,1.4950132890365397
2020-10-08,-1.6366612647024992
2020-10-09,0.0
2020-10-12,0.16639268440574728
2020-10-13,1.3289036544850363
2020-10-14,-1.6393442622950838
2020-10-15,0.0
2020-10-16,0.16666333333332783
2020-10-19,0.16639268440574728
2020-10-21,0.6644485049833726
2020-10-22,1.3201386574303253
2020-10-23,-0.6514690341541063
2020-10-26,0.0
2020-10-27,0.6557409836065675
2020-10-28,-0.32573614574149534
2020-10-29,-0.4901928104575237
2020-10-30,1.970436716898627
2020-11-02,1.7713398316051565
2020-11-03,-1.2658196202531724
2020-11-04,-0.3205160153680775
2020-11-05,0.4823151125401992
2020-11-06,0.32000000000000917
2020-11-09,-1.1164274322169154
2020-11-10,0.9677387096774126
2020-11-11,2.236424991579078
2020-11-12,-0.156246874999999
2020-11-13,0.1564913879032348
2020-11-16,0.0
2020-11-17,0.312493749999998
2020-11-18,-0.62304676779108
2020-11-19,-1.8808808777429409
2020-11-20,2.236424991579078
2020-11-23,-1.2499999999999956
2020-11-24,0.4746835443038
2020-11-25,0.7874015748031482
2020-11-26,0.0
2020-11-27,-0.78125
2020-11-30,1.7322803149606214
2020-12-01,0.7739938320121986
2020-12-02,0.15360676355167246
2020-12-03,0.9202577251691935
2020-12-04,1.9756746519346668
2020-12-07,-1.639341330531785
2020-12-08,0.0
2020-12-09,-1.3636393939393976
2020-12-10,0.7680491787419141
2020-12-11,0.6097591649316891
2020-12-14,0.6060636363636407
2020-12-15,-0.6024126324574497
2020-12-16,-1.5151515151515138
2020-12-17,3.076923076923066
2020-12-18,0.2985014925373175
2020-12-21,-0.2976131129531545
2020-12-22,0.8955194029850677
2020-12-23,0.5917189524177191
2020-12-24,0.0
2020-12-28,0.0
2020-12-29,0.4411823529411718
2020-12-30,0.2928198950032268
2020-12-31,-0.29196496350364365
2021-01-04,0.2928198950032268
2021-01-05,1.4598540145985384
2021-01-06,-0.14388201438848558
2021-01-07,0.5763717413149294
2021-01-08,-0.28654153085722056
2021-01-11,0.0
2021-01-12,0.5747155337561871
2021-01-13,0.7142857142857117
2021-01-14,3.829781560283685
2021-01-15,-0.27321859416494787
2021-01-18,-0.13698356164383307
2021-01-19,-0.13717146400078484
2021-01-20,-1.3736262981523972
2021-01-21,-1.114211637091278
2021-01-22,0.2816845070422458
2021-01-25,1.966295054286249
2021-01-26,0.6887052531323823
2021-01-27,-0.8207907201310705
2021-01-28,-0.6896551724137945
2021-01-29,-1.388888888888884
2021-02-01,0.0
2021-02-02,0.7042253521126751
2021-02-03,1.8181874125874131
2021-02-04,1.7857059458403324
2021-02-05,-3.5087693254728602
2021-02-08,0.41958601398601747
2021-02-09,1.6713035280610855
2021-02-10,0.958898630136984
2021-02-11,1.763913257200178
2021-02-12,3.3333333333333437
2021-02-15,0.12902967741934557
2021-02-16,-0.5154665081305798
2021-02-17,0.12954404816289955
2021-02-18,-0.5174669848658775
2021-02-19,1.1703536756735078
2021-02-22,-0.2570771076052969
2021-02-23,0.3866031027474959
2021-02-24,-0.5134813732097232
2021-02-25,0.6451612903225712
2021-02-26,-2.307697435897438
2021-03-01,2.362210097753814
2021-03-02,-2.564102564102566
2021-03-03,-1.3157894736842146
2021-03-04,-0.1333306666666645
2021-03-05,-1.201604774322973
2021-03-08,-3.1081135135135107
2021-03-09,1.2552329849502275
2021-03-10,4.820936771926632
2021-03-11,-1.4454639013262494
2021-03-12,-1.0666720000000018
2021-03-15,0.40431808109531175
2021-03-16,0.6711409395973256
2021-03-17,0.1333306666666756
2021-03-18,1.7310306719315882
2021-03-19,1.7015627826816093
2021-03-22,0.900908669287448
2021-03-23,0.6377550857715519
2021-03-24,0.12674017422711348
2021-03-25,-0.8860708860759514
2021-03-26,-1.6602859943659842
2021-03-29,-2.207787012987006
2021-03-30,-1.8592323049544612
2021-03-31,-1.4884952235860505
2021-04-01,1.6483460632776836
2021-04-06,-0.27026486486486645
2021-04-07,-0.8130189261236431
2021-04-08,-1.2294973349452065
2021-04-09,0.5532392501665706
2021-04-12,0.9628693789749398
2021-04-13,0.8174359450289881
2021-04-14,0.5405432432432411
2021-04-15,3.360214963435082
2021-04-16,-0.7802314491487272
2021-04-19,-0.6553079604032508
2021-04-20,2.6385222882046255
2021-04-21,0.5141285082710167
2021-04-22,0.0
2021-04-23,-1.5345218176226028
2021-04-26,1.298701298701288
2021-04-27,1.2820512820512775
2021-04-28,1.7721544303797465
2021-04-29,0.12437561879663495
2021-04-30,0.6211180124223503
2021-05-03,0.0
2021-05-04,0.1234543209876593
2021-05-05,-0.2466041984365952
2021-05-06,0.8652607944311219
2021-05-07,0.12254657163104365
2021-05-10,0.0
2021-05-11,-2.0807785596464345
2021-05-12,-0.24999500000000285
2021-05-13,-1.2531327692665295
2021-05-17,-1.3959491677183244
2021-05-18,-1.5443964759020101
2021-05-19,1.9607843137254832
2021-05-20,2.435900000000002
2021-05-21,0.12515393929526386
2021-05-24,5.500002500000001
2021-05-25,0.8293791272659057
2021-05-26,-3.172733329558952
2021-05-27,-2.912623715713014
2021-05-28,5.000000000000004
2021-05-31,-2.3809523809523836
2021-06-02,1.2195121951219523
2021-06-03,-2.409638554216864
2021-06-04,0.1234543209876593
2021-06-07,0.12330209921829205
2021-06-08,1.231527154262424
2021-06-09,-0.2433041480926601
2021-06-10,0.6097560975609762
2021-06-11,0.0
2021-06-14,0.7272703030303029
2021-06-15,0.3610156524913588
2021-06-16,0.9592253966612674
2021-06-17,-2.018997720617466
2021-06-18,0.0
2021-06-21,0.0
2021-06-22,0.12120969696969297
2021-06-23,-0.3631888707793851
2021-06-24,-0.1215163974961686
2021-06-25,-1.3381971454110575
2021-06-28,0.7398249257663414
2021-06-29,2.2031873783690203
2021-06-30,0.5988023952095745
2021-07-01,-1.7857142857142905
2021-07-02,0.12120969696969297
2021-07-05,0.0
2021-07-06,0.0
2021-07-07,0.4842639342436783
2021-07-08,-0.722889156626505
2021-07-09,0.24271358634189166
2021-07-12,-1.5738426531196725
2021-07-13,1.353011003541904
2021-07-14,2.912623715713014
2021-07-15,0.47168865699580564
2021-07-16,0.3521173874233563
2021-07-19,0.0
2021-07-21,0.11695672514620004
2021-07-22,0.0
2021-07-23,0.0
2021-07-26,-0.11682009618738665
2021-07-27,-2.92397660818714
2021-07-28,1.2048192771084265
2021-07-29,-0.4761928571428542
2021-07-30,0.7177009741076823
2021-08-02,-2.4940595009054434
2021-08-03,0.24361267341321824
2021-08-04,-0.1215163974961686
2021-08-05,0.9732409232720673
2021-08-06,1.3252987951807293
2021-08-09,2.259217651824441
2021-08-10,-0.6976720930232605
2021-08-11,0.7025737540380828
2021-08-12,0.0
2021-08-13,0.0
2021-08-16,1.395344186046521
2021-08-17,2.064224865331421
2021-08-18,-1.7977505617977507
2021-08-19,0.34324255507454104
2021-08-20,1.8244105735192973
2021-08-23,-0.11199103641698072
2021-08-24,0.0
2021-08-25,-0.2242107723861353
2021-08-26,-0.22471460674157173
2021-08-27,-0.5630630376998624
2021-08-30,-1.245762117972271
2021-08-31,-2.8669726085767233
2021-09-01,0.472257401287246
2021-09-02,-0.7050505453595868
2021-09-03,0.0
2021-09-06,-0.591715976331364
2021-09-07,-0.9523857142857195
2021-09-08,1.0817332250833367
2021-09-09,0.3567229573536945
2021-09-10,0.23696207969283734
2021-09-13,0.1182009484208324
2021-09-14,0.11807320510381913
2021-09-15,0.23584432849790282
2021-09-16,1.17647058823529
2021-09-17,0.6976720930232494
2021-09-20,-1.9630439252435017
2021-09-21,-1.8845676823423418
2021-09-22,0.6002400672153518
2021-09-23,-0.11934128308633829
2021-09-24,-0.11947192924597339
2021-09-27,-0.23922967079497148
2021-09-28,-0.47961869353432274
2021-09-29,0.8433686746987856
2021-09-30,1.55317092249323
2021-10-01,3.529411764705892
2021-10-04,-0.7954499999999975
2021-10-05,-1.4891224976347095
2021-10-06,-1.1627906976744207
2021-10-07,-0.7058800000000032
2021-10-08,-0.947872015453266
2021-10-12,0.5980861387101966
2021-10-13,-0.11890368891566139
2021-10-14,0.0
2021-10-15,2.73810000000001
2021-10-18,-0.5793742489281883
2021-10-19,-0.9324055509368101
2021-10-21,0.0
2021-10-22,1.17647058823529
2021-10-25,-3.0232534883720907
2021-10-26,0.719422045097784
2021-10-27,0.4761928571428653
2021-10-28,1.1848340951461145
2021-10-29,-1.288053834003422
2021-11-01,-0.8303748123191124
2021-11-02,-0.23922967079497148
2021-11-03,-1.0791390628503872
2021-11-04,-1.0909115151515159
2021-11-05,-1.2254902261149558
2021-11-08,-0.7444144105313688
2021-11-09,0.24999500000000285
2021-11-10,-0.12468579175489714
2021-11-11,0.7490611922362334
2021-11-12,-0.24782653025162693
2021-11-15,-0.12422111801242419
2021-11-16,-0.24876367540389577
2021-11-17,-0.7481272193579636
2021-11-18,0.0
2021-11-19,-2.1356734204943106
2021-11-22,-3.72272390955779
2021-11-23,-1.0666720000000018
2021-11-24,-1.0781590877713798
2021-11-25,0.9536729985375247
2021-11-26,3.2388691832353267
2021-11-29,-1.8300679738562087
2021-11-30,0.0
2021-12-01,1.1984048255234248
2021-12-02,-1.05263684210527
2021-12-03,-1.5957394465818786
2021-12-06,-1.3513513513513487
2021-12-07,0.13698356164384418
2021-12-08,0.5471983733843722
2021-12-09,2.1768680272108876
2021-12-10,1.0652516928162825
2021-12-14,-1.7127851986090903
2021-12-15,1.2064370296631877
2021-12-16,0.0
2021-12-17,0.6622516556291425
2021-12-20,0.0
2021-12-21,0.39474210526315723
2021-12-22,2.2280418229073673
2021-12-23,2.564102564102555
2021-12-24,0.24999500000000285
2021-12-28,-5.112217212579406
2021-12-29,0.13140342001061178
2021-12-30,-2.4934279524109093
2021-12-31,2.2880160275630557
2022-01-03,1.3157894736842035
2022-01-04,1.298701298701288
2022-01-05,1.5384564102564058
2022-01-06,1.0101061116215115
2022-01-07,-1.374997499999997
2022-01-10,-2.661594355853125
2022-01-11,-0.39063018798801696
2022-01-12,-0.6535947712418277
2022-01-13,-0.26315263157894453
2022-01-14,-0.3957836202752696
2022-01-17,-0.26489536423840443
2022-01-18,-0.6640105888971792
2022-01-19,-1.3368983242300403
2022-01-20,1.6260107519777245
2022-01-21,0.0
2022-01-24,-1.3333333333333308
2022-01-25,-1.8918945945946009
2022-01-26,0.8264435489378386
2022-01-27,-2.4590083310933486
2022-01-28,2.66106715235106
2022-01-31,-0.27285946669253214
2022-02-01,1.7783912935264379
2022-02-02,1.612897806104896
2022-02-03,0.5291031886006214
2022-02-04,0.0
2022-02-07,0.13157631578948337
2022-02-08,1.4454639013262494
2022-02-09,-0.2590621895887102
2022-02-10,0.0
2022-02-11,0.2597350649350627
2022-02-14,-2.8497358989500454
2022-02-15,0.6666666666666599
2022-02-16,0.6622516556291425
2022-02-17,0.0
2022-02-18,-0.13157631578947226
2022-02-21,0.0
2022-02-22,-1.5810355314615165
2022-02-23,-2.2757645127584714
2022-02-24,-4.109589041095896
2022-02-25,2.857142857142847
2022-02-28,-0.27777222222221676
2022-03-01,2.0891363738642754
2022-03-02,1.9099480540273772
2022-03-03,0.4016118019604775
2022-03-04,0.0
2022-03-07,-2.9333280000000017
2022-03-08,-2.7472525963048056
2022-03-09,-1.1299490887034414
2022-03-10,1.4285714285714235
2022-03-11,0.0
2022-03-14,0.140842253521134
2022-03-15,-0.14064416710672933
2022-03-16,-0.5633830985915522
2022-03-17,-0.7082153175131833
2022-03-18,0.9985820541678292
2022-03-21,0.9886948593957667
2022-03-22,1.1188867132867042
2022-03-23,-0.8298865377656117
2022-03-24,-0.8368173409661006
2022-03-25,1.2658256333565543
2022-03-28,-1.6666611111111118
2022-03-29,0.0
2022-03-30,-1.8361637380698514
2022-03-31,-2.446037410071944
2022-04-01,2.5073685836360715
2022-04-04,3.597122302158273
2022-04-05,-1.388888888888884
2022-04-06,-0.2816845070422569
2022-04-07,-1.2711891937181252
2022-04-08,0.0
2022-04-11,-2.432054293789576
2022-04-12,2.785926849614473
2022-04-13,0.0
2022-04-14,1.2838830608811191
2022-04-19,-0.985909859154932
2022-04-20,-0.1422588823750348
2022-04-21,-1.7093961087975007
2022-04-22,-0.14492463768115416
2022-04-25,-1.5965137417557673
2022-04-26,0.29497933362954143
2022-04-27,-0.2941117647058844
2022-04-28,-0.5899734165207393
2022-05-04,-0.8902047213589115
2022-05-05,-3.293421958477727
2022-05-06,-0.9287895024392978
2022-05-09,1.5625
2022-05-10,-0.30768615384615394
2022-05-11,0.4629536751263208
2022-05-12,-3.225803478519307
2022-05-13,-3.8095269841269874
2022-05-16,0.3300363145226415
2022-05-17,-0.9868421052631526
2022-05-18,-2.159465116279069
2022-05-19,-4.923602549283446
2022-05-20,-1.0714250000000036
2022-05-23,-4.332133417612516
2022-05-24,1.1320716981132017
2022-05-25,-0.1865634397971383
2022-05-26,0.0
2022-05-27,-1.682246728971959
2022-05-30,0.0
2022-05-31,-0.9505703783486807
2022-06-02,1.3435739479298991
2022-06-03,-0.7575719696969685
2022-06-06,0.9541984368626633
2022-06-07,1.512283496700051
2022-06-08,0.37244320297951106
2022-06-09,0.5565825396444346
2022-06-10,1.1070110701106861
2022-06-13,-3.2846715328467058
2022-06-14,-0.1886754716981076
2022-06-15,-3.591686064586541
2022-06-16,-3.9215686274509776
2022-06-17,-1.2244857142857168
2022-06-20,0.4132148589580664
2022-06-21,-1.2345638368133294
2022-06-22,-2.9166708333333347
2022-06-23,0.858373427398007
2022-06-24,2.127659574468077
2022-06-27,-2.9166708333333347
2022-06-28,0.214596575733772
2022-06-29,7.066381156316903
2022-06-30,-0.40000000000000036
2022-07-01,4.216871485943785
2022-07-04,5.202304231125066
2022-07-05,0.7326044224397199
2022-07-06,0.0
2022-07-07,1.0909054545454433
2022-07-08,1.7985612157755737
2022-07-12,6.007070883642074
2022-07-13,0.8333333333333304
2022-07-14,7.438016528925617
2022-07-15,-3.076923076923077
2022-07-18,-5.3968285714285695
2022-07-19,-3.1879162143595985
2022-07-20,0.17331022530329143
2022-07-21,0.17301384083046045
2022-07-22,1.0362659400253493
2022-07-25,-0.8547008547008517
2022-07-27,3.275865517241372
2022-07-28,0.16694156370813396
2022-07-29,-1.6666666666666718
2022-08-01,-1.1864406779661052
2022-08-02,1.543739279588352
2022-08-03,1.0135135135135087
2022-08-04,0.33444816053511683
2022-08-05,0.0
2022-08-08,1.6666666666666607
2022-08-10,1.6393442622950838
2022-08-11,2.2580677419354878
2022-08-12,-2.208204977659145
2022-08-15,0.1612870967741875
2022-08-16,-0.16102738038735742
2022-08-17,0.0
2022-08-18,0.0
2022-08-19,-0.3225806451612967
2022-08-22,-3.398058252427172
2022-08-23,-1.1725293132328396
2022-08-24,-1.6949152542372836
2022-08-25,-0.6896586206896593
2022-08-26,-2.6041667570891214
2022-08-29,3.20856339424469
2022-08-30,-2.9361000712918806
2022-08-31,0.35587544483985933
2022-09-01,-1.0638332956087515
2022-09-02,3.942652329749108
2022-09-05,3.4482758620689724
2022-09-06,3.3333333333333437
2022-09-07,-4.193545161290324
2022-09-08,0.0
2022-09-09,-2.3569056445486347
2022-09-12,-1.3793103448275779
2022-09-14,-2.0979020979021046
2022-09-15,-4.285717857142856
2022-09-16,0.7462724159056799
2022-09-19,1.85185185185186
2022-09-20,0.0
2022-09-21,0.0
2022-09-22,1.8181818181818077
2022-09-23,-3.57142857142857
2022-09-26,-1.851851851851849
2022-09-27,-1.5094339622641506
2022-09-28,-0.766283524904221
2022-09-29,-4.247108108108099
2022-09-30,0.20161694361360283
2022-10-03,-0.2012112676056388
2022-10-04,-3.2258025494275255
2022-10-05,-1.4583333333333393
2022-10-06,1.4799154334038223
2022-10-07,5.000004166666661
2022-10-11,3.174599080373053
2022-10-12,-1.3461538461538525
2022-10-13,0.7797270955165914
2022-10-14,-2.127663442940042
2022-10-17,0.7905178178070349
2022-10-18,0.0
2022-10-19,0.0
2022-10-21,-2.941176470588236
2022-10-24,-1.0101010101010055
2022-10-25,-1.0204081632653073
2022-10-26,3.092783505154628
2022-10-27,0.0
2022-10-28,2.0000000000000018
2022-10-31,-2.156858823529406
2022-11-01,0.6011983726974535
2022-11-02,-1.5936215139442322
2022-11-03,-0.6072955219718401
2022-11-04,1.4256660458519699
2022-11-07,0.40160642570281624
2022-11-08,1.4000000000000012
2022-11-09,0.19723865877709912
2022-11-10,0.5905472440944859
2022-11-11,-0.5870802578113676
2022-11-14,-1.5748031496062964
2022-11-15,0.6000000000000005
2022-11-16,0.19881113320079358
2022-11-17,0.0
2022-11-18,1.190472174981272
2022-11-21,-0.9803921568627416
2022-11-22,-0.990099009900991
2022-11-23,-0.8000039999999986
2022-11-24,-0.201608879097126
2022-11-25,-1.0101010101010055
2022-11-28,1.0204081632652962
2022-11-29,-1.8181858585858635
2022-11-30,0.8230494165863966
2022-12-01,0.0
2022-12-02,-1.224489795918371
2022-12-05,-2.892561983471076
2022-12-06,2.553191489361706
2022-12-07,-0.4149377593361092
2022-12-08,0.8333333333333304
2022-12-09,0.4132231404958775
2022-12-13,2.6748971193415683
2022-12-14,-0.2004008016032066
2022-12-15,-0.6024096385542133
2022-12-16,1.0101010101010166
2022-12-19,-0.5999999999999894
2022-12-20,-0.2012072434607659
2022-12-21,-0.40322580645162365
2022-12-22,-0.8097165991902799
2022-12-23,0.0
2022-12-28,-0.20408163265306367
2022-12-29,-0.2044989775051187
2022-12-30,-1.0245901639344246
2023-01-03,-0.20703933747411307
2023-01-04,-1.0373443983402453
2023-01-05,0.20964360587001352
2023-01-06,-1.67364016736401
2023-01-09,-1.4893617021276673
2023-01-10,-1.5118790496760126
2023-01-11,-1.3157894736842146
2023-01-12,-0.22222222222222365
2023-01-13,-2.0044543429844075
2023-01-16,-4.545454545454541
2023-01-17,-0.952380952380949
2023-01-18,-0.48076923076924016
2023-01-19,5.31400966183575
2023-01-20,3.2110091743119185
2023-01-23,2.2222222222222143
2023-01-24,2.1739130434782705
2023-01-25,-1.9148936170212738
2023-01-26,1.9522776572667988
2023-01-27,-2.127659574468088
2023-01-30,0.43478260869564966
2023-01-31,1.7316017316017174
2023-02-01,2.127659574468077
2023-02-02,1.041666666666674
2023-02-03,1.0309278350515427
2023-02-06,-1.0204081632653073
2023-02-07,-1.0309278350515427
2023-02-08,-0.2083333333333326
2023-02-09,0.20876826722338038
2023-02-10,-0.6249999999999978
2023-02-13,0.0
2023-02-14,-0.6289308176100739
2023-02-15,-0.8438818565400852
2023-02-16,0.21276595744681437
2023-02-17,-0.2123142250530785
2023-02-20,0.0
2023-02-21,0.0
2023-02-22,0.21276595744681437
2023-02-23,-1.273885350318471
2023-02-24,-0.21505376344086446
2023-02-27,-0.8620689655172376
2023-02-28,2.1739130434782705
2023-03-01,-2.127659574468088
2023-03-02,2.1739130434782705
2023-03-03,-0.8510638297872353
2023-03-06,-1.7167381974249052
2023-03-07,-2.183406113537123
2023-03-08,-6.696428571428569
2023-03-09,0.0
2023-03-10,-1.9138755980861122
2023-03-13,-5.36585365853659
2023-03-14,-2.0618556701030855
2023-03-15,-5.263157894736848
2023-03-16,-8.333333333333337
2023-03-17,4.545454545454541
2023-03-20,4.057971014492745
2023-03-21,5.571030640668528
2023-03-22,0.26385224274407815
2023-03-23,0.0
2023-03-24,-2.631578947368418
2023-03-27,1.8918918918918948
2023-03-28,-1.8567639257294544
2023-03-29,-2.7027027027026973
2023-03-30,0.0
2023-03-31,2.777777777777768
2023-04-03,1.6216216216216273
2023-04-04,-4.255319148936176
2023-04-05,2.777777777777768
2023-04-06,0.0
2023-04-11,0.0
2023-04-12,-1.6216216216216273
2023-04-13,-3.8461538461538436
2023-04-14,1.4285714285714235
2023-04-17,-4.225352112676061
2023-04-18,-1.17647058823529
2023-04-19,0.29761904761904656
2023-04-20,-2.077151335311578
2023-04-24,1.2121212121211977
2023-04-25,-0.5988023952095634
2023-04-26,0.30120481927709
2023-04-27,-0.30030030030028243
2023-04-28,-0.6024096385542244
2023-05-02,1.2121212121211977
2023-05-03,-4.191616766467066
2023-05-04,0.0
2023-05-05,-1.8750000000000044
2023-05-08,1.273885350318471
2023-05-09,-0.3144654088050314
2023-05-10,-4.731861198738175
2023-05-11,-7.284768211920523
2023-05-12,-5.35714285714286
2023-05-15,5.660377358490565
2023-05-16,2.1428571428571574
2023-05-17,9.790209790209769
2023-05-18,-4.14012738853502
2023-05-19,0.33222591362125353
2023-05-22,-0.6622516556291314
2023-05-23,2.0000000000000018
2023-05-24,-0.326797385620925
2023-05-25,0.3278688524590123
2023-05-26,-1.9607843137254943
2023-05-29,3.3333333333333437
2023-05-30,1.9354838709677358
2023-05-31,9.493670886075956
2023-06-02,-3.1791907514450934
2023-06-05,1.7910447761193993
2023-06-06,-0.2932551319648091
2023-06-07,-0.5882352941176561
2023-06-08,-1.4792899408283988
2023-06-09,-0.30030030030028243
2023-06-12,-4.81927710843374
2023-06-13,-0.31645569620253333
2023-06-14,-4.761904761904767
2023-06-15,0.0
2023-06-16,2.0000000000000018
2023-06-19,4.90196078431373
2023-06-20,0.31152647975078995
2023-06-21,5.590062111801242
2023-06-22,2.941176470588225
2023-06-23,0.28571428571428914
2023-06-26,-0.2849002849002913
2023-06-27,-1.7142857142857237
2023-06-30,2.3255813953488413
2023-07-03,0.0
2023-07-04,0.5681818181818121
2023-07-05,-0.28248587570621764
2023-07-06,4.532577903682733
2023-07-07,3.5230352303523116
2023-07-10,4.712041884816753
2023-07-11,-2.750000000000008
2023-07-12,0.25706940874037354
2023-07-13,-0.7692307692307665
2023-07-14,-1.8087855297157729
2023-07-17,1.0526315789473717
2023-07-18,-6.25
2023-07-19,2.2222222222222143
2023-07-20,-1.3586956521739135
2023-07-21,-1.377410468319562
2023-07-24,-0.5586592178770777
2023-07-25,-7.02247191011236
2023-07-26,-0.30211480362538623
2023-07-27,5.454545454545445
2023-07-28,-0.5747126436781436
2023-07-31,-0.28901734104046506
2023-08-01,0.5797101449275477
2023-08-02,-2.8818443804034533
2023-08-03,0.2967359050444873
2023-08-04,-0.5917159763313529
2023-08-07,-0.5952380952381042
2023-08-08,-1.7964071856287456
2023-08-09,0.0
2023-08-10,-0.9146341463414531
2023-08-11,-1.538461538461533
2023-08-14,-3.125
2023-08-15,2.580645161290329
2023-08-16,-0.6289308176100628
2023-08-17,2.5316455696202445
2023-08-18,-1.5432098765432056
2023-08-21,-0.6269592476489061
2023-08-22,0.6309148264984188
2023-08-23,0.0
2023-08-24,-1.5673981191222541
2023-08-25,-1.5923566878980888
2023-08-28,0.0
2023-08-29,0.0
2023-08-30,1.6181229773462702
2023-08-31,-3.1847133757961776
2023-09-01,-0.6578947368421018
2023-09-04,1.324503311258285
2023-09-05,-0.326797385620925
2023-09-06,0.3278688524590123
2023-09-07,0.0
2023-09-08,2.614379084967311
2023-09-11,-0.6369426751592355
2023-09-12,-1.2820512820512775
2023-09-13,-0.649350649350644
2023-09-14,2.614379084967311
2023-09-15,0.31847133757962887
2023-09-18,-1.5873015873015928
2023-09-19,-1.2903225806451535
2023-09-20,-1.9607843137254943
2023-09-21,-0.33333333333334103
2023-09-22,1.6722408026755842
2023-09-25,-1.9736842105263053
2023-09-26,0.0
2023-09-27,-1.34228187919464
2023-09-28,-0.340136054421758
2023-09-29,0.3412969283276279
2023-10-02,0.3401360544217802
2023-10-03,-0.3389830508474634
2023-10-04,-0.6802721088435382
2023-10-05,-1.0273972602739767
2023-10-06,-3.114186851211065
2023-10-09,0.0
2023-10-11,-1.4285714285714235
2023-10-12,1.4492753623188248
2023-10-13,-0.7142857142857117
2023-10-16,0.3597122302158251
2023-10-17,-1.7921146953404965
2023-10-18,0.7299270072992803
2023-10-19,0.0
2023-10-23,-2.1739130434782705
2023-10-24,-4.444444444444439
2023-10-25,-3.100775193798455
2023-10-26,1.6000000000000014
2023-10-27,-0.7874015748031482
2023-10-30,-0.7936507936507908
2023-10-31,-0.8000000000000007
2023-11-01,-1.2096774193548376
2023-11-02,-2.0408163265306145
2023-11-03,-4.1666666666666625
2023-11-06,3.4782608695652195
2023-11-07,2.1008403361344463
2023-11-08,6.995884773662553
2023-11-09,2.3076923076923217
2023-11-10,1.5037593984962294
2023-11-14,3.3333333333333215
2023-11-15,-1.4336917562723928
2023-11-16,-3.2727272727272716
2023-11-17,0.0
2023-11-20,1.1278195488721776
2023-11-21,0.3717472118959231
2023-11-22,0.0
2023-11-23,-0.37037037037037646
2023-11-24,2.230483271375472
2023-11-27,-0.363636363636366
2023-11-28,2.1897810218978186
2023-11-29,-1.7857142857142905
2023-11-30,1.8181818181818077
2023-12-01,0.3571428571428559
2023-12-04,3.2028469750889688
2023-12-05,2.758620689655178
2023-12-06,0.0
2023-12-07,-2.684563758389269
2023-12-08,0.0
2023-12-11,0.34482758620690834
2023-12-13,-1.3745704467354014
2023-12-14,0.34843205574912606
2023-12-15,-3.125000000000011
2023-12-18,-2.150537634408589
2023-12-19,-1.098901098901106
2023-12-20,1.1111111111111072
2023-12-21,-1.098901098901106
2023-12-22,0.37037037037037646
2023-12-27,1.1070110701106861
2023-12-28,1.8248175182481674
2023-12-29,-0.7168458781361964
2024-01-02,-1.4440433212996373
2024-01-03,-0.3663003663003761
2024-01-04,0.7352941176470562
2024-01-05,-0.7299270072992692
2024-01-08,1.1029411764705843
2024-01-09,0.0
2024-01-10,1.090909090909098
2024-01-11,0.0
2024-01-12,0.0
2024-01-15,0.3597122302158251
2024-01-16,0.35842293906811484
2024-01-17,0.0
2024-01-18,0.0
2024-01-19,-0.357142857142867
2024-01-22,-0.35842293906809264
2024-01-23,-0.7194244604316502
2024-01-24,-2.1739130434782705
2024-01-25,-2.2222222222222254
2024-01-26,-1.5151515151515138
2024-01-29,1.9230769230769162
2024-01-30,2.264150943396226
2024-01-31,0.36900369003689537
2024-02-01,0.0
2024-02-02,-0.7352941176470562
2024-02-05,-0.7407407407407418
2024-02-06,0.0
2024-02-07,-0.7462686567164201
2024-02-08,-1.1278195488721776
2024-02-09,0.3802281368821214
2024-02-12,-1.1363636363636243
2024-02-13,0.766283524904221
2024-02-14,-1.1406844106463865
2024-02-15,3.4615384615384492
2024-02-16,-2.6022304832713727
2024-02-19,3.053435114503822
2024-02-20,0.0
2024-02-21,-1.4814814814814725
2024-02-22,1.1278195488721776
2024-02-23,1.1152416356877248
2024-02-26,1.8382352941176405
2024-02-27,-1.8050541516245522
2024-02-28,-1.4705882352941124
2024-02-29,-0.7462686567164201
2024-03-01,4.5112781954887105
2024-03-04,-2.517985611510787
2024-03-05,1.1070110701106861
2024-03-06,1.0948905109489093
2024-03-07,0.3610108303249149
2024-03-08,1.4388489208633004
2024-03-11,0.7092198581560183
2024-03-12,3.169014084507049
2024-03-13,-0.34129692832765013
2024-03-14,3.424657534246567
2024-03-15,0.33112582781458233
2024-03-18,-4.290429042904298
2024-03-19,2.0689655172413834
2024-03-20,7.094594594594583
2024-03-21,5.362776025236582
2024-03-22,1.197604790419149
2024-03-25,7.396449704142016
2024-03-26,6.611570247933907
2024-03-27,-1.8087855297157729
2024-03-28,-8.421052631578952
2024-04-02,2.011494252873569
2024-04-03,0.0
2024-04-04,0.28169014084507005
2024-04-05,-4.49438202247191
2024-04-08,-2.0588235294117685
2024-04-09,0.30030030030030463
2024-04-11,0.29940119760478723
2024-04-12,1.7910447761193993
2024-04-15,0.8797653958944274
2024-04-16,-1.4534883720930258
2024-04-17,-2.654867256637161
2024-04-18,-0.9090909090909038
2024-04-19,-2.140672782874631
2024-04-22,0.31250000000000444
2024-04-23,0.9345794392523255
2024-04-24,1.2345679012345734
2024-04-25,-0.30487804878046587
2024-04-26,-0.3058103975535187
2024-04-29,-3.0674846625766916
2024-04-30,1.2658227848101111
2024-05-02,0.0
2024-05-03,-0.31250000000000444
2024-05-06,-0.940438871473348
2024-05-07,0.0
2024-05-08,2.5316455696202445
2024-05-09,1.85185185185186
2024-05-13,5.151515151515151
2024-05-14,-1.729106628242083
2024-05-15,-0.2932551319648091
2024-05-16,2.0588235294117796
2024-05-17,2.3054755043227626
2024-05-20,1.6901408450704203
2024-05-21,1.6620498614958512
2024-05-22,1.9073569482288777
2024-05-23,-3.743315508021383
2024-05-24,-1.6666666666666718
2024-05-27,0.0
2024-05-28,3.3898305084745894
2024-05-29,-0.5464480874317057
2024-05-30,-1.098901098901095
2024-05-31,0.0
2024-06-03,0.0
2024-06-04,0.2777777777777768
2024-06-05,-0.27700831024931594
2024-06-06,2.777777777777768
2024-06-07,-0.8108108108108025
2024-06-10,-1.6348773841961872
2024-06-11,-0.27700831024931594
2024-06-12,0.5555555555555536
2024-06-13,0.828729281767937
2024-06-14,-0.2739726027397249
2024-06-18,1.098901098901095
2024-06-19,1.6304347826086918
2024-06-20,-0.8021390374331472
2024-06-21,-1.8867924528301994
2024-06-24,-1.098901098901095
2024-06-25,2.777777777777768
2024-06-26,-4.86486486486486
2024-06-27,-3.409090909090917
2024-06-28,2.35294117647058
2024-07-01,-0.5747126436781436
2024-07-02,0.8670520231213841
2024-07-03,-0.5730659025787843
2024-07-04,-0.5763688760807018
2024-07-05,0.0
2024-07-08,0.28985507246377384
2024-07-09,-0.28901734104046506
2024-07-10,-1.449275362318836
2024-07-11,0.8823529411764675
2024-07-12,-0.5830903790087327
2024-07-15,-0.2932551319648091
2024-07-16,0.0
2024-07-17,-1.17647058823529
2024-07-18,-2.3809523809523947
2024-07-19,0.3048780487804992
2024-07-22,-1.2158054711246202
2024-07-23,-1.538461538461533
2024-07-24,-1.2499999999999956
2024-07-25,-1.898734177215189
2024-07-26,-1.6129032258064502
2024-07-29,2.950819672131133
2024-07-30,1.9108280254777066
2024-07-31,-0.6249999999999978
2024-08-01,-3.459119496855345
2024-08-02,-2.28013029315961
2024-08-05,0.0
2024-08-06,-2.0000000000000018
2024-08-07,0.6802721088435382
2024-08-08,0.33783783783782884
2024-08-09,0.0
2024-08-12,-0.6734006734006703
2024-08-13,-1.3559322033898202
2024-08-14,1.0309278350515427
2024-08-15,2.0408163265306145
2024-08-16,0.0
2024-08-19,0.0
2024-08-20,0.0
2024-08-21,0.33333333333334103
2024-08-22,0.33222591362125353
2024-08-23,-0.6622516556291314
2024-08-26,-0.6666666666666599
2024-08-27,-0.6711409395973145
2024-08-28,-1.6891891891891886
2024-08-29,-0.3436426116838587
2024-08-30,2.758620689655178
2024-09-02,-1.0067114093959773
2024-09-03,1.6949152542372836
2024-09-04,-2.0000000000000018
2024-09-05,1.3605442176870763
2024-09-06,0.3355704697986406
2024-09-09,0.33444816053511683
2024-09-10,2.0000000000000018
2024-09-11,1.3071895424836555
2024-09-12,-2.580645161290329
2024-09-13,1.9867549668874274
2024-09-16,0.0
2024-09-17,-0.9740259740259716
2024-09-18,-0.3278688524590234
2024-09-19,0.0
2024-09-20,-0.6578947368421018
2024-09-23,-0.9933774834437137
2024-09-24,1.6722408026755842
2024-09-25,-1.6447368421052655
2024-09-26,0.6688963210702337
2024-09-27,-0.33222591362126463
2024-09-30,-0.33333333333334103
2024-10-01,0.33444816053511683
2024-10-02,0.0
2024-10-03,-0.33333333333334103
2024-10-04,0.33444816053511683
2024-10-07,0.0
2024-10-08,-0.6666666666666599
2024-10-09,2.0134228187919323
2024-10-11,1.9736842105263275
2024-10-14,-1.2903225806451535
2024-10-15,0.6535947712418277
2024-10-16,1.298701298701288
2024-10-17,2.2435897435897356
2024-10-18,-0.940438871473348
2024-10-22,0.6329113924050667
2024-10-23,1.2578616352201255
2024-10-24,0.6211180124223503
2024-10-25,1.85185185185186
2024-10-28,2.4242424242424176
2024-10-29,2.9585798816567976
2024-10-30,-2.8735632183908066
2024-10-31,-2.3668639053254337
2024-11-01,4.2424242424242475
2024-11-04,-2.9069767441860517
2024-11-05,-2.39520958083832
2024-11-06,0.6134969325153339
2024-11-07,-2.7439024390243816
2024-11-08,-1.5673981191222541
2024-11-11,-2.2292993630573243
2024-11-12,0.32573289902280145
2024-11-13,-0.9740259740259716
2024-11-14,-0.6557377049180357
2024-11-15,0.0
2024-11-18,-0.990099009900991
2024-11-19,-2.0000000000000018
2024-11-20,1.3605442176870763
2024-11-21,0.3355704697986406
2024-11-22,-0.33444816053510573
2024-11-25,-1.0067114093959773
2024-11-26,-0.6779661016949157
2024-11-27,-2.3890784982935176
2024-11-28,4.895104895104896
2024-11-29,0.6666666666666599
2024-12-02,1.9867549668874274
2024-12-03,-0.9740259740259716
2024-12-04,0.9836065573770592
2024-12-05,3.8961038961038863
2024-12-06,3.125
2024-12-09,0.9090909090909038
2024-12-10,5.105105105105112
2024-12-11,-3.1428571428571472
2024-12-13,1.179941002949847
2024-12-16,-0.2915451895043608
2024-12-17,2.3391812865497075
2024-12-18,0.5714285714285783
2024-12-19,-0.5681818181818232
2024-12-20,0.5714285714285783
2024-12-23,-1.7045454545454586
2024-12-24,-1.1560693641618491
2024-12-27,2.3391812865497075
2024-12-30,-2.000000000000013
2024-12-31,1.1661807580175099
2025-01-02,-0.5763688760807018
2025-01-03,0.8695652173912993
2025-01-06,1.7241379310344973
2025-01-07,-0.28248587570621764
2025-01-08,1.1331444759207
2025-01-09,0.28011204481790397
2025-01-10,1.6759776536312998
2025-01-13,-0.8241758241758212
2025-01-14,0.5540166204986097
2025-01-15,0.27548209366392573
2025-01-16,2.4725274725274637
2025-01-17,0.2680965147453085
2025-01-20,1.3368983957219305
2025-01-21,0.0
2025-01-22,-0.7915567282321789
2025-01-23,0.5319148936170137
2025-01-24,-0.2645502645502451
2025-01-27,-1.326259946949604
2025-01-28,-0.5376344086021612
2025-01-29,-1.0810810810810811
2025-01-30,-5.464480874316935
2025-01-31,-0.28901734104046506
2025-02-03,1.449275362318847
2025-02-04,3.4285714285714475
2025-02-05,0.828729281767937
2025-02-06,-1.0958904109588996
2025-02-07,-0.5540166204986208
2025-02-10,-0.2785515320334331
2025-02-11,-2.2346368715083775
2025-02-12,0.5714285714285783
2025-02-13,3.409090909090895
2025-02-14,1.098901098901095
2025-02-17,0.5434782608695787
2025-02-18,1.6216216216216273
2025-02-19,1.0638297872340496
2025-02-20,-1.0526315789473606
2025-02-21,-0.26595744680851796
2025-02-24,-0.2666666666666706
2025-02-25,-2.1390374331550777
2025-02-26,-0.5464480874317057
2025-02-27,-0.5494505494505364
2025-02-28,-0.8287292817679703
2025-03-03,0.8356545961002881
2025-03-04,-1.1049723756906271
2025-03-05,-1.1173184357541888
2025-03-06,1.6949152542372836
2025-03-07,0.5555555555555536
2025-03-10,-0.5524861878453136
2025-03-11,0.2777777777777768
2025-03-12,-0.8310249307479367
2025-03-13,0.27932960893854997
2025-03-14,-1.114206128133699
2025-03-17,0.28169014084507005
2025-03-18,-1.6853932584269704
2025-03-19,0.8571428571428452
2025-03-20,-0.28328611898015277
2025-03-21,0.28409090909089496
2025-03-24,0.56657223796035
2025-03-25,0.8450704225352101
2025-03-26,0.5586592178770999
2025-03-27,0.0
2025-03-28,1.9444444444444597
2025-04-01,0.8174386920980936
2025-04-02,0.2702702702702675
2025-04-03,0.26954177897573484
2025-04-04,0.2688172043010528
2025-04-07,-4.557640750670233
2025-04-08,-1.4044943820224698
2025-04-09,-1.4245014245014231
2025-04-10,1.7341040462427681
2025-04-11,0.28409090909089496
2025-04-14,-0.5665722379603277
2025-04-15,-0.2849002849002913
2025-04-16,-0.8571428571428452
2025-04-17,0.28818443804032867
2025-04-22,0.0
2025-04-23,0.0
2025-04-24,-0.5747126436781436
2025-04-25,-0.28901734104046506
2025-04-28,-0.28985507246377384
2025-04-29,0.8720930232558155
2025-04-30,3.746397694524495
2025-05-02,0.5555555555555536
2025-05-05,1.3812154696132506
2025-05-06,0.0
2025-05-07,-1.3623978201634857
2025-05-08,1.6574585635358963
2025-05-09,0.0
2025-05-12,2.1739130434782705
2025-05-13,3.4574468085106336
2025-05-14,0.5141388174807249
2025-05-15,2.3017902813299296
2025-05-16,0.24999999999999467
2025-05-19,-1.7456359102244412
2025-05-20,0.0
2025-05-21,0.7614213197969733
2025-05-22,0.25188916876572875
2025-05-23,0.5025125628140836
2025-05-26,-0.5000000000000115
2025-05-27,1.2562814070351758
2025-05-28,2.977667493796532
2025-05-29,-1.2048192771084376
2025-05-30,-0.24390243902439046
2025-06-03,0.9779951100244544
2025-06-04,1.6949152542373058
2025-06-05,0.7142857142857117
2025-06-09,3.073286052009472
2025-06-10,6.192660550458706
2025-06-11,7.127429805615559
2025-06-12,0.8064516129032251
2025-06-13,-3.7999999999999923
2025-06-16,-4.365904365904372
2025-06-17,2.1739130434782705
2025-06-18,0.0
2025-06-19,2.127659574468077
2025-06-20,0.0
2025-06-23,-0.8333333333333304
2025-06-24,1.0504201680672232
2025-06-25,0.8316008316008316
2025-06-26,1.6494845360824684
2025-06-27,1.4198782961460488
2025-06-30,0.6000000000000005
2025-07-01,5.367793240556673
2025-07-02,1.8867924528301883
2025-07-03,-0.37037037037037646
2025-07-04,1.1152416356877248
2025-07-07,0.0
2025-07-08,-0.7352941176470562
2025-07-09,-1.1111111111111183
2025-07-10,-1.1235955056179803
2025-07-11,-1.5151515151515138
2025-07-14,-0.9615384615384581
2025-07-15,-0.3883495145631133
2025-07-16,3.1189083820662766
2025-07-17,-1.7013232514177634
2025-07-18,1.1538461538461497
2025-07-21,0.7604562737642651
2025-07-22,0.18867924528302993
2025-07-23,2.824858757062154
2025-07-24,-1.831501831501836
2025-07-25,0.3731343283581934
2025-07-28,0.3717472118959231
2025-07-29,0.18518518518517713
2025-07-30,-2.0332717190388205
2025-07-31,-0.37735849056603765
2025-08-01,-1.7045454545454475
2025-08-04,0.0
2025-08-05,2.1194605009633882
2025-08-06,-1.8867924528301883
2025-08-07,1.538461538461533
2025-08-08,-0.37878787878786735
2025-08-11,-0.19011406844107182
2025-08-12,0.0
2025-08-13,0.19047619047618536
2025-08-14,0.7604562737642651
2025-08-15,1.8867924528301883
2025-08-18,-0.7407407407407418
2025-08-19,-0.3731343283582156
2025-08-20,5.992509363295895
2025-08-21,-0.7067137809187218
2025-08-22,0.7117437722419906
2025-08-25,0.0
2025-08-26,0.7067137809187329
2025-08-27,0.0
2025-08-28,0.35087719298245723
2025-08-29,0.5244755244755206
2025-09-01,0.3478260869565375
2025-09-02,2.253032928942811
2025-09-03,2.033898305084758
2025-09-04,-0.33222591362126463
2025-09-05,-0.16666666666667052
2025-09-08,-3.171953255425708
2025-09-09,0.8620689655172376
2025-09-10,-0.34188034188035177
2025-09-11,0.17152658662091813
2025-09-12,2.568493150684925
2025-09-15,-2.003338898163598
2025-09-16,0.0
2025-09-17,-1.3628620102214772
2025-09-18,-0.3454231433505983
2025-09-19,-0.34662045060659397
2025-09-22,0.0
2025-09-23,1.9130434782608674
2025-09-24,0.682593856655278
2025-09-25,-0.3389830508474634
2025-09-26,-1.3605442176870652
2025-09-29,-0.5172413793103403
2025-09-30,0.17331022530329143
2025-10-01,1.903114186851207
2025-10-02,-1.5280135823429464
2025-10-03,-0.34482758620689724
2025-10-06,-1.384083044982698
2025-10-07,-3.508771929824561
2025-10-08,-0.363636363636366
2025-10-09,-0.7299270072992692
2025-10-13,-3.492647058823528
2025-10-14,0.0
2025-10-15,4.761904761904767
2025-10-16,1.8181818181818077
2025-10-21,-0.357142857142867
2025-10-22,0.5376344086021501
2025-10-23,0.7130124777183555
2025-10-24,0.8849557522123908
2025-10-27,1.7543859649122862
2025-10-28,1.724137931034475
2025-10-29,0.0
2025-10-30,0.3389830508474523
2025-10-31,3.040540540540526
2025-11-03,-0.4918032786885185
2025-11-04,0.0
2025-11-05,-2.1416803953871577
2025-11-06,0.33670033670034627
2025-11-07,-1.1744966442953086
2025-11-10,-0.8488964346349714
2025-11-11,-1.8835616438356184
2025-11-12,0.0
2025-11-13,1.3961605584642323
2025-11-14,0.1721170395869276
2025-11-17,-0.3436426116838587
2025-11-18,0.0
2025-11-19,1.724137931034475
2025-11-20,0.0
2025-11-21,0.0
2025-11-24,-2.5423728813559365
2025-11-25,0.3478260869565375
2025-11-26,-1.2131715771230511
2025-11-27,0.8771929824561431
2025-11-28,0.8695652173912993
2025-12-01,-0.5172413793103403
2025-12-02,-1.2131715771230511
2025-12-03,-1.0526315789473717
2025-12-04,3.900709219858167
2025-12-05,-2.3890784982935176
2025-12-08,-0.34965034965035446
2025-12-09,-1.7543859649122862
2025-12-10,1.2499999999999956
2025-12-11,-1.9400352733686121
2025-12-15,0.7194244604316502
2025-12-16,-0.17857142857142794
2025-12-17,0.17889087656530744
2025-12-18,0.0
2025-12-19,0.7142857142857117
2025-12-22,0.5319148936170359
2025-12-23,-1.2345679012345734
2025-12-24,-0.17857142857142794
2025-12-29,0.17889087656530744
2025-12-30,0.3571428571428559
2025-12-31,1.4234875444839812
2026-01-02,0.0
2026-01-05,1.403508771929829
2026-01-06,0.6920415224913601
2026-01-07,0.3436426116838476
2026-01-08,0.5136986301369939
2026-01-09,-1.5332197614991605
2026-01-12,1.557093425605549
2026-01-13,0.0
2026-01-14,1.0221465076660996
2026-01-15,0.1686340640809414
2026-01-16,0.6734006734006703
2026-01-19,0.0
2026-01-20,-0.6688963210702337
2026-01-21,-0.6734006734006703
2026-01-22,0.3389830508474523
2026-01-23,0.33783783783782884
2026-01-26,-0.6734006734006703
2026-01-27,0.0
2026-01-28,-0.16949152542372614
2026-01-29,0.1697792869270076
2026-01-30,0.5084745762711895
2026-02-02,0.8431703204047292
2026-02-03,0.33444816053511683
2026-02-04,3.3333333333333437
2026-02-05,3.0645161290322465
2026-02-06,0.15649452269170805
2026-02-09,0.78125
2026-02-10,1.7054263565891459
2026-02-11,0.6097560975609762
2026-02-12,2.575757575757587
2026-02-13,-0.1477104874446189
2026-02-16,-0.5917159763313529
2026-02-17,-1.7857142857142905
2026-02-18,-0.15151515151514694
2026-02-19,-3.490136570561464
2026-02-20,1.1006289308175932
2026-02-23,0.7776049766718529
2026-02-24,2.1604938271605034
2026-02-25,0.1510574018126709
2026-02-26,-2.714932126696823
2026-02-27,-1.0852713178294615
2026-03-02,-1.253918495297801
2026-03-03,-1.904761904761909
2026-03-04,-0.16181229773462036
2026-03-05,-0.6482982171799101
2026-03-06,-0.16313213703098572
2026-03-09,-1.9607843137254943
2026-03-10,0.0
2026-03-11,3.166666666666673
2026-03-12,-1.1308562197091976
2026-03-13,0.16339869281045694
2026-03-16,-0.4893964110929794
2026-03-17,-0.3278688524590234
2026-03-18,-0.1644736842105199
2026-03-19,-1.317957166392103
2026-03-23,-3.8397328881469073
2026-03-24,0.5208333333333259
2026-03-25,-1.3816925734024155
2026-03-26,-1.9264448336252182
2026-03-27,-0.17857142857142794
2026-03-30,-0.5366726296958779
2026-03-31,-1.0791366906474864
2026-04-01,4.3636363636363695
2026-04-02,-0.8710801393728262
2026-04-07,-0.17574692442882123
2026-04-08,6.338028169014098
2026-04-09,-2.6490066225165587
2026-04-10,0.6802721088435382
2026-04-13,-2.0270270270270285
2026-04-14,0.0
2026-04-15,0.34482758620690834
2026-04-16,0.8591065292096189
2026-04-17,1.1925042589437718
2026-04-20,0.33670033670034627
2026-04-21,0.3355704697986406
2026-04-22,0.16722408026756952
2026-04-23,-1.00166944908181
2026-04-24,0.6745362563237878
2026-04-27,0.16750418760467234
2026-04-28,0.0
2026-04-29,0.33444816053511683
2026-04-30,-1.8333333333333313
2026-05-04,1.1884550084889645
2026-05-05,0.3355704697986406
2026-05-06,3.678929765886285
2026-05-07,4.354838709677433
2026-05-08,-1.081916537867078
2026-05-11,-0.6249999999999978
2026-05-12,-0.9433962264150941
2026-05-13,-1.746031746031751
2026-05-14,-0.3231017770597644
2026-05-15,-1.296596434359809
2026-05-18,0.8210180623973828
2026-05-19,-0.32573289902279035
2026-05-20,0.8169934640522847
2026-05-21,-0.8103727714748765
2026-05-22,0.9803921568627416
2026-05-25,-0.6472491909385036
2026-05-26,0.6514657980456029
2026-05-28,-0.16181229773462036
2026-05-29,-0.8103727714748765
2026-06-02,1.3071895424836555
2026-06-03,1.4516129032257963
2026-06-04,0.4769475357710773
2026-06-05,0.4746835443038
2026-06-08,-0.6299212598425141
2026-06-09,-0.47543581616482644
2026-06-10,0.31847133757962887
2026-06-11,-0.9523809523809601
2026-06-12,0.6410256410256387
2026-06-15,1.273885350318471
2026-06-16,0.3144654088050203
2026-06-17,0.31347962382446415
2026-06-18,0.6250000000000089
2026-06-19,0.7763975155279601
2026-06-22,0.9244992295839749
2026-06-23,0.0
2026-06-24,-0.15267175572518665
2026-06-25,2.4464831804281273
2026-06-26,-0.14925373134327957
2026-06-29,1.943198804185342
2026-06-30,0.8797653958944274
2026-07-01,-0.29069767441860517
2026-07-02,-0.5830903790087327
2026-07-03,0.586510263929596
2026-07-06,2.0408163265306145
2026-07-07,1.7142857142857126
2026-07-08,-2.8089887640449396
2026-07-09,0.43352601156068094
2026-07-10,3.597122302158273
2026-07-13,-0.2777777777777768
2026-07-14,-1.392757660167132
2026-07-15,0.5649717514124353
2026-07-16,-0.2808988764045006
